{
    "model": "DenseNet3D_Attention",
    "timestamp": "2025-11-07 02:22:35",
    "test_metrics": {
        "accuracy": 0.957341715312079,
        "precision": 0.8601036269430051,
        "recall": 0.7094017094017094,
        "f1": 0.7775175644028103,
        "loss": 1.9456949208805892
    },
    "best_val_metrics": {
        "accuracy": 0.9627133872416891,
        "precision": 0.8440366972477065,
        "recall": 0.7896995708154506,
        "f1": 0.8159645232815965,
        "loss": 1.5564888569298456
    },
    "config": {},
    "total_params": 672770,
    "trainable_params": 672770
}