{
    "original_test_accuracy": 94.43850267379679,
    "original_test_auc": 0.9772303302973774,
    "original_test_f1": 0.890295358649789,
    "finetuned_test_accuracy": 94.43850267379679,
    "finetuned_test_auc": 0.9822140531840959,
    "finetuned_test_f1": 0.8947368421052632,
    "accuracy_improvement": 0.0,
    "auc_improvement": 0.004983722886718556,
    "f1_improvement": 0.004441483455474127,
    "confusion_matrix": [
        [
            662,
            39
        ],
        [
            13,
            221
        ]
    ]
}