{
  "train_loss": [
    0.6547852158546448,
    0.6439253687858582,
    0.6409170031547546,
    0.6393634974956512,
    0.6384381353855133,
    0.637697160243988,
    0.6372504681348801,
    0.6369583308696747,
    0.6368861049413681,
    0.6368311792612076,
    0.6364597529172897,
    0.6355620324611664,
    0.634726881980896,
    0.6340096592903137,
    0.6333010792732239,
    0.6326081901788712,
    0.631855383515358,
    0.6312468498945236,
    0.6305332779884338,
    0.6300084441900253,
    0.6294694244861603,
    0.6289153099060059,
    0.6285071223974228,
    0.6281624734401703,
    0.6279308199882507,
    0.6277415454387665,
    0.6275257468223572,
    0.6274162083864212,
    0.6273324340581894,
    0.6273049861192703,
    0.6267505139112473,
    0.6253585815429688,
    0.6238335072994232,
    0.6221080273389816,
    0.6204247921705246,
    0.6189357936382294,
    0.6177483201026917,
    0.6166828572750092,
    0.6159444749355316,
    0.6150343269109726,
    0.6142156571149826,
    0.6134978830814362,
    0.6129343211650848,
    0.6123965531587601,
    0.6119469255208969,
    0.6114513278007507,
    0.6111102849245071,
    0.6107574850320816,
    0.6104672104120255,
    0.6101114749908447,
    0.6098815500736237,
    0.6096344739198685,
    0.6094342172145844,
    0.609255388379097,
    0.6090448945760727,
    0.6088815033435822,
    0.6087848097085953,
    0.6086436212062836,
    0.6085296273231506,
    0.6084586083889008,
    0.6083228141069412,
    0.6084000617265701,
    0.6082043349742889,
    0.6081865131855011,
    0.6082129329442978,
    0.6081538945436478,
    0.608147144317627,
    0.6081370115280151,
    0.6081749945878983,
    0.6081516593694687,
    0.6080614924430847,
    0.6076242625713348,
    0.6072589606046677,
    0.6068947166204453,
    0.6065854430198669,
    0.6063013821840286,
    0.6060004681348801,
    0.6057155281305313,
    0.6054475456476212,
    0.6051662266254425,
    0.6049383133649826,
    0.6046742647886276,
    0.6044752597808838,
    0.6042198240756989,
    0.6040592938661575,
    0.6038088500499725,
    0.6035531014204025,
    0.6033820509910583,
    0.6031907647848129,
    0.602967381477356,
    0.6028012037277222,
    0.6025897562503815,
    0.602422684431076,
    0.6022844314575195,
    0.6021515280008316,
    0.6019913703203201,
    0.6018513441085815,
    0.6017403304576874,
    0.6016232818365097,
    0.6014972478151321
  ],
  "val_loss": [
    0.6422821581363678,
    0.6388538628816605,
    0.6373432278633118,
    0.6364768594503403,
    0.6358062475919724,
    0.6353361755609512,
    0.6350504159927368,
    0.6348335444927216,
    0.6347905546426773,
    0.6347199827432632,
    0.6339875310659409,
    0.6331942081451416,
    0.6324964463710785,
    0.631817027926445,
    0.6310727149248123,
    0.6303605288267136,
    0.6296254247426987,
    0.6289582997560501,
    0.6283069849014282,
    0.6276995688676834,
    0.6271584182977676,
    0.6266568005084991,
    0.626277431845665,
    0.6259543150663376,
    0.6256761997938156,
    0.6254768669605255,
    0.6252959370613098,
    0.6252038031816483,
    0.6251863688230515,
    0.6251560896635056,
    0.6234962195158005,
    0.6217608004808426,
    0.620359942317009,
    0.6184127926826477,
    0.616909459233284,
    0.6156807541847229,
    0.6145475655794144,
    0.6136167645454407,
    0.6129580289125443,
    0.6122106611728668,
    0.6114287674427032,
    0.6109219491481781,
    0.6104675531387329,
    0.6100252270698547,
    0.6095235347747803,
    0.6092404872179031,
    0.6088294386863708,
    0.608525425195694,
    0.608324870467186,
    0.6080645024776459,
    0.6078089326620102,
    0.607592299580574,
    0.6074478626251221,
    0.6072681844234467,
    0.6070951521396637,
    0.6069413721561432,
    0.606900542974472,
    0.6068167388439178,
    0.606690987944603,
    0.6066407412290573,
    0.6065518856048584,
    0.6065798103809357,
    0.606506735086441,
    0.6064474433660507,
    0.6064199805259705,
    0.6063940674066544,
    0.6064310669898987,
    0.6063895970582962,
    0.6063870936632156,
    0.6063944399356842,
    0.6061318069696426,
    0.6057770699262619,
    0.6054841876029968,
    0.6051576435565948,
    0.6048735529184341,
    0.6047140508890152,
    0.6044011116027832,
    0.6041470468044281,
    0.6039127856492996,
    0.6037181466817856,
    0.6035028845071793,
    0.6033042967319489,
    0.6030771732330322,
    0.6028712093830109,
    0.6026790738105774,
    0.6024765074253082,
    0.602309837937355,
    0.6020948439836502,
    0.6019474267959595,
    0.6017240136861801,
    0.6015916913747787,
    0.6014219522476196,
    0.6012356877326965,
    0.601093664765358,
    0.6009936034679413,
    0.6008589118719101,
    0.6007463783025742,
    0.6006448566913605,
    0.6005401164293289,
    0.6004601866006851
  ],
  "val_dice": [
    0.000487638171762228,
    0.0005247776280157268,
    0.000703827477991581,
    0.00044094014447182417,
    0.0,
    0.0,
    0.0,
    0.0,
    0.0,
    0.0,
    0.0,
    0.0,
    0.0,
    0.0,
    0.0,
    0.0,
    0.0,
    0.0006993006682023406,
    0.0,
    0.0013147052377462387,
    0.0007610790780745447,
    0.0,
    0.00014705881767440587,
    0.00014662757166661322,
    0.0,
    0.0,
    0.0001471453724661842,
    0.00014654161350335926,
    0.0,
    0.00019470404367893934,
    0.0001757469290168956,
    0.00034843204775825143,
    0.0,
    0.0,
    0.0,
    0.0,
    0.0,
    0.0,
    0.0,
    0.0,
    0.0,
    0.0,
    0.0,
    0.0,
    0.0,
    0.0,
    0.0,
    0.0,
    0.0,
    0.0,
    0.0,
    0.0,
    0.0,
    0.0,
    0.0,
    0.0,
    0.0,
    0.0,
    0.0,
    0.0,
    0.0,
    0.0,
    0.0,
    0.0,
    0.0030487803742289543,
    0.003496503457427025,
    0.006545283831655979,
    0.003496503457427025,
    0.006921160966157913,
    0.006545283831655979,
    0.0,
    0.007042253389954567,
    0.046844590455293655,
    0.0824207216501236,
    0.10505172610282898,
    0.007844222709536552,
    0.08509904146194458,
    0.07929259538650513,
    0.08067817240953445,
    0.09716161340475082,
    0.16706696152687073,
    0.23008978366851807,
    0.5636981725692749,
    0.599869966506958,
    0.44721338152885437,
    0.48660382628440857,
    0.3823997974395752,
    0.3910486400127411,
    0.3577779531478882,
    0.424702525138855,
    0.43110406398773193,
    0.3839735984802246,
    0.46595650911331177,
    0.45157790184020996,
    0.3907739520072937,
    0.47240114212036133,
    0.45614832639694214,
    0.43500083684921265,
    0.4904279112815857,
    0.5035383701324463
  ],